{
   "MAD9014": {
      "student": [
         {
            "first_name": "Alex",
            "last_name": "Mckenna",
            "email": "alex.m@school.org",
            "program_code": "1515x",
            "_student_id": "566",
            "_student_no": "90234555"
         },
         {
            "first_name": "Devon",
            "last_name": "Stephens",
            "email": "devon.s@school.org",
            "program_code": "1515x",
            "_student_id": "567",
            "_student_no": "90654777"
         },
         {
            "first_name": "Cole",
            "last_name": "Moir",
            "email": "cole.m@school.org",
            "program_code": "1515x",
            "_student_id": "568",
            "_student_no": "90121443"
         },
         {
            "first_name": "Cara",
            "last_name": "Granger",
            "email": "cara.g@school.org",
            "program_code": "3002x",
            "_student_id": "569",
            "_student_no": "90845873"
         },
         {
            "first_name": "Bree",
            "last_name": "Weasley",
            "email": "bree.w@school.org",
            "program_code": "3002x",
            "_student_id": "570",
            "_student_no": "90735822"
         },
         {
            "first_name": "Krista",
            "last_name": "Potter",
            "email": "krista.p@school.org",
            "program_code": "3002x",
            "_student_id": "571",
            "_student_no": "90147283"
         },
         {
            "first_name": "Cassandra",
            "last_name": "Stark",
            "email": "cassandra.s@school.org",
            "program_code": "6149x",
            "_student_id": "572",
            "_student_no": "90876122"
         },
         {
            "first_name": "Grace",
            "last_name": "Banner",
            "email": "grace.b@school.org",
            "program_code": "6149x",
            "_student_id": "573",
            "_student_no": "90876134"
         },
         {
            "first_name": "Paul",
            "last_name": "Romanov",
            "email": "paul.r@school.org",
            "program_code": "3013x",
            "_student_id": "574",
            "_student_no": "90877100"
         },
         {
            "first_name": "Nina",
            "last_name": "Parker",
            "email": "nina.p@school.org",
            "program_code": "3013x",
            "_student_id": "575",
            "_student_no": "90115433"
         }
      ]
   }
}