<?xml version="1.0" encoding="UTF-8" ?>
<students>
	<student student_id="566" student_no="90234555">
		<first_name>Alex</first_name>
		<last_name>Mckenna</last_name>
		<email>alex.m@school.org</email>
		<program_code>1515x</program_code>
	</student>
	<student student_id="567" student_no="90654777">
		<first_name>Devon</first_name>
		<last_name>Stephens</last_name>
		<email>devon.s@school.org</email>
		<program_code>1515x</program_code>
	</student>
	<student student_id="568" student_no="90121443">
		<first_name>Cole</first_name>
		<last_name>Moir</last_name>
		<email>cole.m@school.org</email>
		<program_code>1515x</program_code>
	</student>
	<student student_id="569" student_no="90845873">
		<first_name>Cara</first_name>
		<last_name>Granger</last_name>
		<email>cara.g@school.org</email>
		<program_code>3002x</program_code>
	</student>
	<student student_id="570" student_no="90735822">
		<first_name>Bree</first_name>
		<last_name>Weasley</last_name>
		<email>bree.w@school.org</email>
		<program_code>3002x</program_code>
	</student>
	<student student_id="571" student_no="90147283">
		<first_name>Krista</first_name>
		<last_name>Potter</last_name>
		<email>krista.p@school.org</email>
		<program_code>3002x</program_code>
	</student>
	<student student_id="572" student_no="90876122">
		<first_name>Cassandra</first_name>
		<last_name>Stark</last_name>
		<email>cassandra.s@school.org</email>
		<program_code>6149x</program_code>
	</student>
	<student student_id="573" student_no="90876134">
		<first_name>Grace</first_name>
		<last_name>Banner</last_name>
		<email>grace.b@school.org</email>
		<program_code>6149x</program_code>
	</student>
	<student student_id="574" student_no="90877100">
		<first_name>Paul</first_name>
		<last_name>Romanov</last_name>
		<email>paul.r@school.org</email>
		<program_code>3013x</program_code>
	</student>
	<student student_id="575" student_no="90115433">
		<first_name>Nina</first_name>
		<last_name>Parker</last_name>
		<email>nina.p@school.org</email>
		<program_code>3013x</program_code>
	</student>
</students>